"Name","Color","Rarity","# Seen","ALSA","# Picked","ATA","# GP","% GP","GP WR","# OH","OH WR","# GD","GD WR","# GIH","GIH WR","# GNS","GNS WR","IIH"
"The Dawning Archaic","","M","440","","238","","1249","88.7%","54.4%","225","","382","","607","55.4%","610","52.3%","3.1pp"
"Rancorous Archaic","","C","18499","7.53","2403","10.73","3846","25.6%","53.5%","633","54.0%","1176","57.4%","1809","56.2%","1986","50.4%","5.8pp"
"Sundering Archaic","","U","6661","5.30","1429","6.91","5276","61.0%","56.2%","914","55.8%","1616","61.9%","2530","59.7%","2635","52.4%","7.3pp"
"Together as One","","R","1311","2.55","735","2.53","3955","82.4%","58.3%","681","65.1%","1115","68.3%","1796","67.1%","1996","49.3%","17.8pp"
"Transcendent Archaic","","U","6815","5.76","1214","7.74","3562","48.8%","53.4%","599","50.8%","1067","58.8%","1666","55.9%","1831","50.6%","5.3pp"
"Ajani's Response","W","C","15132","5.42","2267","7.57","9705","68.1%","57.9%","1623","57.1%","2519","60.9%","4142","59.4%","5489","56.5%","2.9pp"
"Antiquities on the Loose","W","R","1030","2.19","533","2.21","3018","86.8%","59.1%","561","64.7%","719","65.5%","1280","65.2%","1711","54.7%","10.5pp"
"Ascendant Dustspeaker","W","C","17224","6.56","2305","9.19","6811","47.4%","56.6%","1081","54.5%","1767","58.4%","2848","56.9%","3960","56.4%","0.5pp"
"Daydream","W","U","6748","5.85","922","8.24","1863","33.7%","52.2%","294","","474","","768","49.1%","1093","54.3%","-5.2pp"
"Dig Site Inventory","W","C","15928","5.99","2542","8.05","10399","66.1%","56.9%","1794","56.5%","2444","57.2%","4238","56.9%","6137","56.9%","0.0pp"
"Eager Glyphmage","W","C","16256","6.27","2656","8.51","9614","57.3%","58.1%","1705","57.4%","2350","58.2%","4055","57.9%","5536","58.1%","-0.2pp"
"Elite Interceptor","W","C","14061","4.99","3221","6.07","17157","83.7%","59.9%","3202","62.2%","4271","59.5%","7473","60.6%","9626","59.3%","1.3pp"
"Emeritus of Truce","W","M","444","","256","","1403","87.5%","59.2%","253","","326","","579","61.1%","822","57.9%","3.2pp"
"Ennis, Debate Moderator","W","U","5350","4.69","987","5.83","3686","63.2%","53.9%","632","47.6%","937","51.0%","1569","49.6%","2099","56.8%","-7.1pp"
"Erode","W","R","1352","2.52","405","","1857","76.2%","55.6%","330","","489","","819","56.4%","1024","55.1%","1.3pp"
"Graduation Day","W","U","5697","5.07","813","6.55","2768","55.0%","54.9%","492","","639","52.4%","1131","55.3%","1632","54.6%","0.8pp"
"Group Project","W","U","5270","4.48","1301","5.21","6757","80.9%","58.6%","1255","59.4%","1562","57.7%","2817","58.5%","3938","58.7%","-0.2pp"
"Harsh Annotation","W","U","6256","5.68","604","8.71","1306","36.4%","52.1%","224","","322","","546","49.1%","752","54.3%","-5.2pp"
"Honorbound Page","W","C","16796","6.40","2268","9.17","6237","45.7%","55.9%","1070","52.1%","1535","57.2%","2605","55.1%","3614","56.4%","-1.3pp"
"Informed Inkwright","W","R","936","1.94","535","1.93","3186","91.4%","60.7%","570","65.3%","794","64.1%","1364","64.6%","1814","57.8%","6.8pp"
"Inkshape Demonstrator","W","U","5448","4.66","995","5.86","4618","72.5%","58.9%","792","59.5%","1145","60.5%","1937","60.1%","2670","58.1%","2.0pp"
"Interjection","W","C","17872","7.29","2195","10.39","3784","28.0%","56.2%","614","52.4%","954","57.7%","1568","55.6%","2205","56.6%","-0.9pp"
"Joined Researchers","W","R","2241","3.93","480","","2176","70.8%","59.1%","387","","528","57.6%","915","58.0%","1256","59.9%","-1.8pp"
"Owlin Historian","W","C","16403","6.39","2348","8.92","8452","57.4%","57.1%","1468","57.4%","2171","56.7%","3639","57.0%","4808","57.3%","-0.3pp"
"Practiced Offense","W","R","1040","2.03","578","2.00","3365","88.0%","60.7%","573","65.6%","864","66.1%","1437","65.9%","1906","56.8%","9.1pp"
"Primary Research","W","U","5384","4.73","1114","5.82","4615","66.4%","57.0%","780","53.5%","1214","58.5%","1994","56.5%","2608","57.3%","-0.8pp"
"Quill-Blade Laureate","W","U","4267","3.74","1091","4.44","6272","87.4%","58.3%","1144","57.5%","1547","60.2%","2691","59.1%","3563","57.6%","1.5pp"
"Rapier Wit","W","C","17437","7.07","2319","10.03","4669","32.7%","56.0%","846","53.8%","1117","57.7%","1963","56.0%","2683","55.9%","0.0pp"
"Rehearsed Debater","W","C","17054","6.73","2373","9.36","7098","48.0%","56.1%","1239","56.6%","1673","53.9%","2912","55.0%","4183","56.9%","-1.9pp"
"Restoration Seminar","W","M","572","2.15","269","","1281","73.1%","56.0%","218","","369","","587","59.1%","687","53.0%","6.1pp"
"Shattered Acolyte","W","C","16407","6.07","2376","8.45","9600","64.4%","58.1%","1725","58.8%","2271","56.8%","3996","57.7%","5581","58.4%","-0.7pp"
"Soaring Stoneglider","W","U","5364","4.45","1054","5.55","5243","80.3%","56.9%","893","52.2%","1344","57.7%","2237","55.5%","3001","57.8%","-2.4pp"
"Spiritcall Enthusiast","W","U","5709","4.98","940","6.43","3132","52.3%","54.4%","560","52.9%","735","54.4%","1295","53.7%","1831","54.9%","-1.2pp"
"Stand Up for Yourself","W","U","5167","4.35","1022","5.36","5159","80.0%","58.0%","845","54.2%","1333","59.6%","2178","57.5%","2938","58.3%","-0.8pp"
"Stirring Hopesinger","W","R","792","1.70","520","1.63","3090","92.7%","60.4%","591","63.1%","799","65.0%","1390","64.2%","1690","57.0%","7.2pp"
"Stone Docent","W","C","16176","6.05","2620","8.06","12343","72.3%","59.4%","2249","62.0%","2942","56.1%","5191","58.7%","7138","60.0%","-1.3pp"
"Summoned Dromedary","W","U","5524","4.88","1053","6.16","4578","70.8%","55.4%","761","53.6%","1100","55.2%","1861","54.5%","2724","55.9%","-1.4pp"
"Banishing Betrayal","U","C","16707","6.38","2434","9.00","7843","53.0%","53.4%","1300","51.5%","2284","58.0%","3584","55.6%","4081","51.1%","4.5pp"
"Brush Off","U","U","6969","6.29","1044","8.79","2584","40.0%","55.9%","423","","754","60.3%","1177","57.5%","1321","53.2%","4.3pp"
"Campus Composer","U","U","4975","4.17","1087","5.21","5483","80.7%","55.6%","926","53.0%","1554","59.7%","2480","57.2%","2902","54.1%","3.1pp"
"Chase Inspiration","U","C","18436","7.93","2299","11.30","2381","17.3%","52.4%","382","","670","57.0%","1052","55.0%","1287","50.1%","4.9pp"
"Deluge Virtuoso","U","C","16805","6.19","2277","8.95","7322","52.5%","52.4%","1308","51.0%","2055","55.3%","3363","53.6%","3812","51.4%","2.2pp"
"Divergent Equation","U","U","7140","6.22","1153","8.39","3594","50.0%","55.9%","593","55.1%","1136","61.3%","1729","59.2%","1743","52.3%","6.8pp"
"Echocasting Symposium","U","M","494","","290","","1509","82.2%","57.5%","273","","450","","723","61.3%","709","51.9%","9.4pp"
"Emeritus of Ideation","U","M","372","","276","","1509","85.1%","58.7%","251","","457","","708","64.3%","743","53.0%","11.2pp"
"Encouraging Aviator","U","U","5560","4.68","1006","6.16","4131","68.8%","52.0%","718","47.6%","1170","55.4%","1888","52.4%","2184","51.8%","0.7pp"
"Essence Scatter","U","C","14998","5.50","3059","7.19","14877","78.7%","55.2%","2590","55.8%","4249","57.8%","6839","57.1%","7672","53.1%","3.9pp"
"Exhibition Tidecaller","U","R","1528","2.91","496","","2714","83.5%","58.2%","470","","791","62.7%","1261","61.8%","1366","53.9%","7.9pp"
"Flow State","U","U","4861","3.90","1252","4.70","6115","79.3%","54.3%","1098","51.3%","1792","59.3%","2890","56.3%","3080","52.1%","4.2pp"
"Fractal Anomaly","U","U","7325","6.76","887","9.66","1034","19.8%","48.4%","169","","301","","470","","546","47.6%",""
"Fractalize","U","U","7140","6.56","1037","9.03","1977","31.7%","51.6%","335","","543","55.6%","878","54.6%","1072","49.2%","5.4pp"
"Harmonized Trio","U","R","1501","2.93","506","3.27","2289","75.1%","52.6%","424","","641","54.3%","1065","54.5%","1190","50.8%","3.7pp"
"Homesickness","U","U","6066","5.18","1170","6.54","4958","69.2%","54.5%","856","52.1%","1480","59.6%","2336","56.8%","2473","51.4%","5.5pp"
"Hydro-Channeler","U","C","15688","5.83","2587","8.10","11152","71.6%","54.0%","1999","53.7%","3163","55.2%","5162","54.6%","5861","53.3%","1.3pp"
"Jadzi, Steward of Fate","U","R","1014","1.97","592","2.03","3296","90.8%","57.0%","567","57.7%","940","63.8%","1507","61.5%","1694","52.3%","9.2pp"
"Landscape Painter","U","C","16380","5.97","2485","8.36","9398","62.2%","52.7%","1685","50.1%","2700","54.9%","4385","53.1%","4880","52.4%","0.6pp"
"Mana Sculpt","U","R","2142","3.73","479","","1912","67.5%","55.3%","281","","597","60.1%","878","60.1%","983","50.9%","9.3pp"
"Mathemagics","U","M","816","3.12","225","","1047","73.3%","57.0%","174","","314","","488","","505","49.9%",""
"Matterbending Mage","U","U","4654","3.81","1411","4.52","7717","86.8%","56.3%","1390","55.3%","2156","59.9%","3546","58.1%","3993","54.4%","3.7pp"
"Muse Seeker","U","U","5252","4.39","1171","5.40","5459","75.5%","53.5%","987","51.9%","1500","57.4%","2487","55.2%","2883","52.0%","3.2pp"
"Muse's Encouragement","U","C","17658","6.98","2437","9.66","6296","42.8%","51.9%","1059","49.9%","1752","53.7%","2811","52.3%","3323","51.0%","1.3pp"
"Orysa, Tide Choreographer","U","U","5569","4.63","1059","5.98","4311","64.8%","53.8%","705","54.2%","1262","55.7%","1967","55.2%","2270","52.0%","3.2pp"
"Pensive Professor","U","R","1076","2.11","523","2.15","2876","89.6%","54.5%","493","","828","58.9%","1321","57.8%","1496","51.3%","6.4pp"
"Procrastinate","U","C","17408","6.77","2271","9.66","5808","42.7%","51.6%","955","49.8%","1724","55.0%","2679","53.2%","2993","50.0%","3.1pp"
"Quick Study","U","C","16842","6.40","2351","9.07","7132","49.8%","52.9%","1274","53.2%","2085","53.9%","3359","53.6%","3654","52.2%","1.5pp"
"Run Behind","U","C","16790","6.26","2833","8.44","11264","65.1%","55.4%","1893","54.5%","3365","59.3%","5258","57.6%","5798","53.3%","4.3pp"
"Skycoach Conductor","U","R","1161","2.20","571","2.18","3026","85.8%","56.3%","556","55.2%","878","59.9%","1434","58.1%","1525","54.6%","3.5pp"
"Spellbook Seeker","U","C","16607","6.25","2125","9.06","5829","47.1%","50.5%","962","47.5%","1730","52.7%","2692","50.9%","3045","50.1%","0.7pp"
"Tester of the Tangential","U","U","5569","4.56","1088","5.73","5111","77.3%","54.0%","973","57.6%","1410","55.5%","2383","56.3%","2657","51.8%","4.6pp"
"Textbook Tabulator","U","C","17871","7.22","2170","10.45","3669","28.0%","51.2%","649","50.1%","990","56.0%","1639","53.6%","1982","49.1%","4.5pp"
"Wisdom of Ages","U","R","2947","4.86","513","6.35","1621","51.4%","54.6%","272","","528","60.2%","800","57.0%","765","51.2%","5.8pp"
"Adventurous Eater","B","C","15372","5.40","1988","7.72","9092","71.7%","55.9%","1544","54.6%","2268","56.4%","3812","55.7%","5208","56.0%","-0.4pp"
"Arcane Omens","B","U","7823","7.47","1098","10.26","1481","21.8%","57.0%","264","","443","","707","61.0%","744","52.8%","8.1pp"
"Arnyn, Deathbloom Botanist","B","U","4875","4.18","831","5.47","3399","68.5%","52.6%","568","45.2%","854","53.9%","1422","50.4%","1936","54.0%","-3.6pp"
"Burrog Banemaker","B","C","15581","5.70","2110","8.11","8448","65.9%","55.4%","1497","56.1%","2001","54.1%","3498","54.9%","4894","55.7%","-0.8pp"
"Cheerful Osteomancer","B","C","15747","5.83","2094","8.40","7694","59.8%","53.7%","1318","48.7%","1851","56.9%","3169","53.5%","4436","53.7%","-0.3pp"
"Cost of Brilliance","B","C","16417","6.22","2311","8.67","8276","56.0%","57.1%","1445","56.7%","2003","58.7%","3448","57.8%","4771","56.3%","1.5pp"
"Decorum Dissertation","B","M","508","1.99","253","","1347","87.8%","56.7%","225","","329","","554","56.0%","785","56.9%","-1.0pp"
"Dissection Practice","B","U","5108","4.25","959","5.51","4563","76.6%","56.0%","796","57.2%","1061","58.5%","1857","57.9%","2683","54.6%","3.4pp"
"Emeritus of Woe","B","M","384","","269","","1392","87.2%","56.3%","231","","363","","594","59.1%","777","53.9%","5.2pp"
"End of the Hunt","B","U","4218","3.45","1058","4.10","5684","85.1%","58.6%","981","58.8%","1395","62.0%","2376","60.7%","3261","56.8%","3.9pp"
"Eternal Student","B","U","5383","4.40","1137","5.58","5549","77.4%","55.8%","935","54.3%","1333","56.9%","2268","55.8%","3258","55.8%","-0.0pp"
"Foolish Fate","B","U","3379","2.79","1182","3.23","6745","91.1%","56.7%","1182","57.2%","1693","60.8%","2875","59.3%","3801","54.5%","4.8pp"
"Forum Necroscribe","B","U","4416","3.85","963","4.64","4626","76.6%","54.5%","825","47.6%","1144","52.4%","1969","50.4%","2609","57.2%","-6.8pp"
"Grave Researcher","B","R","964","1.74","480","","2763","88.9%","56.0%","461","","745","54.6%","1206","55.3%","1521","56.1%","-0.8pp"
"Last Gasp","B","C","11327","3.85","2550","4.81","14487","88.3%","57.2%","2477","58.1%","3645","60.0%","6122","59.3%","8266","55.7%","3.6pp"
"Lecturing Scornmage","B","U","4639","3.99","935","4.79","4512","78.0%","57.4%","803","60.1%","1065","56.0%","1868","57.8%","2620","56.9%","0.8pp"
"Leech Collector","B","U","5023","4.29","821","5.71","3928","74.9%","53.9%","720","54.4%","929","53.9%","1649","54.2%","2236","53.5%","0.6pp"
"Masterful Flourish","B","C","17689","7.08","1909","10.51","3176","26.7%","54.3%","529","56.9%","742","56.2%","1271","56.5%","1896","52.7%","3.8pp"
"Melancholic Poet","B","C","14984","5.30","2178","7.24","10411","77.2%","56.3%","1988","55.4%","2453","55.2%","4441","55.3%","5909","56.9%","-1.6pp"
"Moseo, Vein's New Dean","B","R","954","1.85","494","","2679","86.1%","57.6%","469","","664","61.7%","1133","61.6%","1508","54.7%","6.9pp"
"Poisoner's Apprentice","B","U","4741","3.91","1080","4.91","5331","78.4%","55.0%","937","55.1%","1232","57.5%","2169","56.4%","3090","53.9%","2.6pp"
"Postmortem Professor","B","R","1224","2.34","434","","2309","84.2%","55.7%","431","","555","58.9%","986","61.6%","1300","51.2%","10.3pp"
"Pox Plague","B","R","3611","6.13","385","","10","0.4%","","2","","3","","5","","5","",""
"Pull from the Grave","B","C","17350","6.67","2133","9.69","5021","37.9%","53.6%","812","48.2%","1276","57.5%","2088","53.9%","2904","53.3%","0.5pp"
"Rabid Attack","B","U","6873","6.16","879","8.65","1875","34.8%","51.9%","298","","449","","747","48.7%","1123","53.9%","-5.1pp"
"Ral Zarek, Guest Lecturer","B","M","386","","221","","1067","77.4%","55.0%","220","","242","","462","","597","53.8%",""
"Scathing Shadelock","B","U","5601","4.54","852","5.96","3694","70.7%","54.8%","598","54.7%","890","53.0%","1488","53.7%","2194","55.6%","-1.9pp"
"Scheming Silvertongue","B","R","911","1.70","473","","2652","89.3%","56.6%","524","64.5%","636","59.3%","1160","61.6%","1460","52.7%","9.0pp"
"Send in the Pest","B","C","15294","5.47","2385","7.44","10170","68.4%","55.5%","1797","54.8%","2404","56.9%","4201","56.0%","5933","55.0%","1.0pp"
"Sneering Shadewriter","B","C","17047","6.40","2132","9.24","6654","50.2%","54.9%","1140","51.4%","1629","55.6%","2769","53.8%","3830","55.6%","-1.7pp"
"Tragedy Feaster","B","R","1184","2.50","442","","2213","82.2%","54.1%","404","","534","54.1%","938","54.7%","1246","52.8%","1.9pp"
"Ulna Alley Shopkeep","B","C","18386","7.36","1868","11.02","2357","20.5%","51.6%","409","","508","49.4%","917","51.5%","1433","51.8%","-0.3pp"
"Wander Off","B","C","11528","3.89","2396","5.09","12850","87.8%","55.4%","2154","55.0%","3350","58.6%","5504","57.2%","7231","54.0%","3.2pp"
"Withering Curse","B","M","571","2.05","213","","916","68.5%","53.3%","162","","252","","414","","497","",""
"Ancestral Anger","R","C","18118","7.77","2397","10.77","2902","19.3%","56.0%","460","","757","56.0%","1217","55.7%","1649","55.9%","-0.2pp"
"Archaic's Agony","R","U","7726","7.19","1198","10.00","1722","23.3%","56.4%","281","","552","63.4%","833","59.7%","859","52.6%","7.0pp"
"Artistic Process","R","U","4921","4.14","1244","4.98","6389","82.8%","56.7%","1008","55.8%","1875","59.5%","2883","58.2%","3325","55.2%","3.0pp"
"Blazing Firesinger","R","U","5906","5.06","974","6.62","3551","61.6%","51.8%","623","53.0%","991","51.5%","1614","52.0%","1902","51.8%","0.3pp"
"Charging Strifeknight","R","U","5723","4.71","1254","5.73","6340","80.0%","58.1%","1154","57.6%","1667","58.4%","2821","58.1%","3487","58.0%","0.1pp"
"Choreographed Sparks","R","R","3126","5.31","380","","307","13.7%","","55","","73","","128","","179","",""
"Duel Tactics","R","U","7280","6.42","1110","8.98","2576","36.9%","55.2%","393","","651","55.0%","1044","53.6%","1519","56.2%","-2.6pp"
"Emeritus of Conflict","R","M","481","","244","","1408","89.6%","54.4%","261","","405","","666","55.7%","724","52.6%","3.1pp"
"Expressive Firedancer","R","C","16911","6.43","2686","8.81","9611","56.0%","56.3%","1742","58.0%","2519","57.2%","4261","57.5%","5254","55.3%","2.2pp"
"Flashback","R","R","2424","4.35","417","","1432","51.7%","56.4%","261","","375","","636","58.2%","763","54.4%","3.8pp"
"Garrison Excavator","R","U","5531","4.80","1216","5.68","5699","73.2%","58.2%","985","57.4%","1516","58.6%","2501","58.1%","3209","58.4%","-0.3pp"
"Goblin Glasswright","R","C","14908","5.33","2783","7.02","12865","75.2%","54.4%","2377","55.7%","3513","54.3%","5890","54.9%","6836","54.1%","0.8pp"
"Heated Argument","R","C","16323","6.08","2669","8.38","10354","62.6%","55.6%","1766","51.4%","2827","59.4%","4593","56.3%","5617","54.7%","1.6pp"
"Impractical Joke","R","U","4041","3.32","1503","3.77","8791","93.3%","58.5%","1593","57.3%","2444","62.9%","4037","60.7%","4610","56.3%","4.4pp"
"Improvisation Capstone","R","M","511","1.97","300","","1734","85.9%","60.0%","294","","512","63.7%","806","64.1%","837","54.7%","9.4pp"
"Living History","R","U","6648","5.90","1230","7.32","4706","59.3%","59.7%","832","59.9%","1213","59.8%","2045","59.8%","2653","59.6%","0.2pp"
"Maelstrom Artisan","R","R","2354","4.31","396","","1096","47.1%","48.9%","179","","292","","471","","617","49.8%",""
"Magmablood Archaic","R","R","1300","2.54","580","2.62","2948","84.6%","56.1%","517","57.6%","795","58.6%","1312","58.2%","1592","54.1%","4.1pp"
"Mica, Reader of Ruins","R","U","6804","5.91","980","8.07","2104","35.2%","53.8%","363","","605","51.9%","968","52.7%","1110","54.5%","-1.8pp"
"Molten-Core Maestro","R","R","1033","1.99","581","1.99","3422","93.4%","58.0%","606","62.2%","973","60.7%","1579","61.3%","1795","55.2%","6.2pp"
"Pigment Wrangler","R","U","4927","4.10","1095","4.99","5347","80.6%","53.3%","888","49.5%","1494","52.7%","2382","51.6%","2879","54.4%","-2.9pp"
"Rearing Embermare","R","C","18565","7.95","2215","11.48","1781","12.9%","53.3%","285","","485","","770","54.0%","1000","52.6%","1.4pp"
"Rubble Rouser","R","C","15953","6.11","2951","8.08","12772","68.3%","58.3%","2253","58.7%","3407","58.7%","5660","58.7%","7063","58.0%","0.7pp"
"Seize the Spoils","R","C","17311","6.78","2572","9.50","6667","42.5%","53.6%","1180","53.4%","1947","56.1%","3127","55.1%","3450","52.1%","3.0pp"
"Steal the Show","R","R","2296","4.03","440","","1496","57.2%","52.7%","280","","414","","694","50.7%","768","53.6%","-2.9pp"
"Strife Scholar","R","C","17589","7.01","2308","9.99","4921","34.5%","51.9%","842","49.6%","1365","52.0%","2207","51.1%","2673","52.7%","-1.6pp"
"Tablet of Discovery","R","U","5896","5.01","1204","6.30","4611","62.5%","55.7%","819","55.7%","1326","57.8%","2145","57.0%","2386","54.1%","2.9pp"
"Tackle Artist","R","C","16953","6.63","2275","9.43","6959","48.3%","54.0%","1145","53.7%","1973","55.4%","3118","54.8%","3755","53.3%","1.5pp"
"Thunderdrum Soloist","R","U","5295","4.62","973","5.79","4650","75.1%","56.2%","841","57.1%","1267","57.5%","2108","57.3%","2461","55.1%","2.2pp"
"Tome Blast","R","C","14245","5.03","3048","6.47","16363","83.6%","57.8%","2904","56.6%","4458","60.2%","7362","58.8%","8787","56.9%","1.9pp"
"Unsubtle Mockery","R","C","12423","4.36","3024","5.50","17347","90.0%","57.2%","2901","57.7%","4933","59.2%","7834","58.6%","9178","55.8%","2.8pp"
"Zealous Lorecaster","R","C","17973","7.23","2527","10.26","6023","38.0%","54.7%","932","50.9%","1810","58.2%","2742","55.7%","3200","53.7%","2.0pp"
"Aberrant Manawurm","G","U","6495","5.61","873","8.06","2600","48.3%","53.7%","448","","668","54.0%","1116","52.7%","1451","54.4%","-1.7pp"
"Additive Evolution","G","U","4513","3.79","1065","4.62","5282","79.7%","55.9%","932","56.7%","1374","61.9%","2306","59.8%","2906","52.4%","7.4pp"
"Ambitious Augmenter","G","R","1099","2.16","547","2.25","3077","87.8%","56.5%","539","64.0%","795","60.8%","1334","62.1%","1697","51.8%","10.3pp"
"Burrog Barrage","G","C","15197","5.43","2560","7.19","11864","75.1%","54.9%","1988","54.5%","3092","57.9%","5080","56.6%","6672","53.3%","3.2pp"
"Chelonian Tackle","G","U","6768","5.75","977","8.03","2992","50.5%","52.4%","507","48.5%","784","55.2%","1291","52.6%","1683","52.8%","-0.2pp"
"Comforting Counsel","G","R","2088","3.84","311","","945","50.2%","48.6%","166","","225","","391","","553","49.4%",""
"Efflorescence","G","C","18291","7.62","1871","11.33","1467","12.7%","48.4%","276","","355","","631","46.8%","836","49.6%","-2.9pp"
"Emeritus of Abundance","G","M","393","","236","","1351","89.8%","55.9%","237","","357","","594","58.1%","725","53.7%","4.4pp"
"Emil, Vastlands Roamer","G","U","4914","4.10","965","5.29","4606","78.3%","54.0%","804","54.2%","1283","55.7%","2087","55.1%","2438","52.5%","2.6pp"
"Environmental Scientist","G","U","3743","3.07","1376","3.41","7515","89.3%","57.4%","1363","64.7%","1879","61.4%","3242","62.8%","4162","53.1%","9.7pp"
"Follow the Lumarets","G","C","17500","6.91","2176","9.85","5574","41.6%","54.7%","959","51.7%","1421","53.6%","2380","52.8%","3169","56.1%","-3.3pp"
"Germination Practicum","G","M","421","","262","","1543","88.7%","59.4%","248","","415","","663","63.3%","858","56.1%","7.3pp"
"Glorious Decay","G","C","18131","7.77","1854","11.62","990","8.8%","48.3%","174","","256","","430","","557","47.9%",""
"Hungry Graffalon","G","C","17888","7.31","1956","10.81","2785","23.0%","49.7%","447","","762","50.7%","1209","48.5%","1517","50.3%","-1.8pp"
"Infirmary Healer","G","U","5761","4.61","1063","6.15","5109","78.5%","55.8%","904","54.4%","1341","59.6%","2245","57.5%","2812","54.5%","3.0pp"
"Lumaret's Favor","G","U","7368","6.66","914","9.61","1616","28.9%","52.0%","274","","363","","637","49.3%","977","53.7%","-4.4pp"
"Mindful Biomancer","G","C","16615","6.16","2223","8.70","8413","61.6%","53.8%","1498","54.3%","2092","54.5%","3590","54.4%","4739","53.3%","1.2pp"
"Noxious Newt","G","C","12878","4.37","2429","5.77","12953","87.3%","54.5%","2394","54.7%","3316","55.7%","5710","55.3%","7078","54.0%","1.3pp"
"Oracle's Restoration","G","C","17870","7.16","1855","10.67","2947","25.8%","49.5%","501","49.7%","706","48.0%","1207","48.7%","1735","50.0%","-1.3pp"
"Pestbrood Sloth","G","U","4607","3.78","1083","4.64","5834","86.0%","56.9%","1012","60.9%","1573","61.7%","2585","61.4%","3164","53.5%","7.9pp"
"Planar Engineering","G","R","2359","4.24","382","","1114","47.8%","53.7%","203","","304","","507","57.2%","599","50.6%","6.6pp"
"Shopkeeper's Bane","G","C","16497","6.30","1901","9.07","6396","53.8%","53.5%","1116","55.1%","1541","54.1%","2657","54.5%","3671","52.7%","1.8pp"
"Slumbering Trudge","G","R","1137","2.19","534","2.24","2827","86.7%","56.7%","488","","755","60.0%","1243","61.7%","1514","52.8%","8.9pp"
"Snarl Song","G","U","6444","5.52","1530","6.56","6035","64.5%","56.5%","1016","55.7%","1796","63.4%","2812","60.6%","3119","52.4%","8.2pp"
"Studious First-Year","G","C","11562","4.02","2489","5.17","13279","86.5%","54.8%","2432","60.9%","3351","55.7%","5783","57.9%","7371","52.7%","5.2pp"
"Tenured Concocter","G","C","17274","6.71","2030","9.79","6154","47.9%","52.9%","1036","52.0%","1566","54.5%","2602","53.5%","3482","52.5%","1.0pp"
"Thornfist Striker","G","U","5775","4.77","998","6.32","4686","73.5%","54.6%","806","56.2%","1180","57.1%","1986","56.7%","2640","52.8%","3.9pp"
"Topiary Lecturer","G","U","5182","4.25","949","5.36","4415","76.0%","53.5%","813","55.7%","1122","53.4%","1935","54.4%","2419","52.9%","1.5pp"
"Vastlands Scavenger","G","R","1051","1.91","519","1.91","2702","84.1%","55.6%","485","","691","60.8%","1176","61.0%","1467","51.6%","9.4pp"
"Wild Hypothesis","G","C","17258","6.63","1941","9.81","5155","42.8%","52.3%","881","47.8%","1383","56.5%","2264","53.1%","2739","51.0%","2.2pp"
"Wildgrowth Archaic","G","R","977","1.89","550","1.91","3127","89.5%","56.1%","538","58.9%","868","56.8%","1406","57.6%","1643","54.0%","3.6pp"
"Zimone's Experiment","G","U","6601","5.63","901","7.96","2648","47.7%","52.2%","469","","742","56.3%","1211","56.1%","1420","48.9%","7.1pp"
"Abigale, Poet Laureate","WB","U","4086","3.67","918","4.48","4581","80.8%","56.0%","807","53.0%","1147","57.3%","1954","55.5%","2596","56.4%","-0.8pp"
"Abstract Paintmage","UR","U","5517","4.68","1067","5.86","4575","71.9%","53.0%","780","54.0%","1309","52.5%","2089","53.0%","2416","52.9%","0.1pp"
"Applied Geometry","UG","R","1365","2.41","605","2.50","3084","84.0%","55.3%","512","58.0%","973","61.8%","1485","60.5%","1536","49.9%","10.5pp"
"Ark of Hunger","WR","R","1382","2.64","649","2.61","3679","85.4%","61.6%","660","66.4%","988","65.5%","1648","65.8%","1999","58.1%","7.7pp"
"Aziza, Mage Tower Captain","WR","R","1808","3.35","523","3.75","2315","70.4%","57.2%","389","","620","54.0%","1009","56.1%","1300","58.0%","-1.9pp"
"Berta, Wise Extrapolator","UG","R","1100","2.15","510","2.15","2561","85.2%","53.3%","426","","752","58.5%","1178","56.5%","1330","50.5%","6.1pp"
"Blech, Loafing Pest","BG","R","1154","2.25","448","","2400","83.8%","56.5%","404","","612","60.9%","1016","62.2%","1337","51.7%","10.5pp"
"Bogwater Lumaret","BG","C","12653","4.59","2262","6.00","11499","82.1%","55.2%","2018","56.8%","2695","56.4%","4713","56.6%","6606","54.0%","2.6pp"
"Borrowed Knowledge","WR","U","7916","7.70","966","11.30","340","5.8%","","47","","104","","151","","189","",""
"Cauldron of Essence","BG","R","1328","2.34","464","","2138","76.9%","54.2%","378","","522","60.5%","900","58.1%","1218","51.2%","6.9pp"
"Colorstorm Stallion","UR","R","1126","2.23","597","2.19","3285","87.4%","57.4%","557","64.5%","955","61.7%","1512","62.7%","1690","52.3%","10.4pp"
"Colossus of the Blood Age","WR","U","5431","4.62","1336","5.51","6611","77.1%","59.0%","1103","58.3%","1792","63.3%","2895","61.4%","3683","57.3%","4.1pp"
"Conciliator's Duelist","WB","R","1321","2.69","510","2.80","2499","76.6%","59.2%","385","","670","63.0%","1055","60.9%","1418","57.5%","3.5pp"
"Cuboid Colony","UG","U","4934","4.15","1024","5.18","4937","77.1%","54.0%","820","54.1%","1369","57.8%","2189","56.4%","2688","52.2%","4.2pp"
"Dina's Guidance","BG","R","2704","4.93","296","","316","17.6%","","57","","68","","125","","191","",""
"Elemental Mascot","UR","C","15702","6.09","2604","8.18","10975","66.8%","54.9%","1868","53.7%","3112","55.3%","4980","54.7%","5755","54.9%","-0.1pp"
"Embrace the Paradox","UG","C","16703","6.42","2557","8.89","8787","54.7%","54.5%","1484","51.5%","2373","59.7%","3857","56.5%","4811","52.7%","3.9pp"
"Essenceknit Scholar","BG","U","3998","3.34","1039","3.87","5739","87.1%","56.5%","1039","60.8%","1457","58.3%","2496","59.4%","3151","54.2%","5.1pp"
"Fix What's Broken","WB","R","2255","4.39","344","","689","32.8%","48.8%","109","","169","","278","","404","",""
"Fractal Mascot","UG","C","16955","6.66","2399","9.37","7522","50.9%","53.5%","1223","50.0%","2141","56.6%","3364","54.2%","4015","52.3%","1.9pp"
"Fractal Tender","UG","U","5188","4.41","1020","5.48","4397","71.6%","52.9%","688","55.5%","1294","55.3%","1982","55.3%","2312","50.5%","4.8pp"
"Geometer's Arthropod","UG","R","2220","4.16","469","","1571","53.9%","55.3%","292","","424","","716","54.5%","833","55.5%","-1.0pp"
"Grapple with Death","BG","C","11374","4.01","2283","5.16","12367","86.0%","55.3%","2122","55.3%","3128","60.2%","5250","58.2%","6989","53.1%","5.1pp"
"Growth Curve","UG","U","7224","6.68","805","10.10","1117","22.5%","52.3%","186","","314","","500","49.8%","608","54.3%","-4.5pp"
"Hardened Academic","WR","R","1443","2.68","569","2.65","2965","81.6%","59.0%","548","64.6%","768","59.6%","1316","61.7%","1651","56.9%","4.8pp"
"Imperious Inkmage","WB","C","17041","6.77","2278","9.41","7415","52.5%","58.3%","1238","59.0%","1787","58.8%","3025","58.8%","4362","57.9%","0.9pp"
"Inkling Mascot","WB","C","16290","6.32","2467","8.41","10227","66.7%","57.5%","1761","58.5%","2403","55.4%","4164","56.7%","6034","57.9%","-1.2pp"
"Killian's Confidence","WB","U","5207","4.37","1068","5.32","4706","72.9%","57.6%","783","58.6%","1119","60.8%","1902","59.9%","2787","56.1%","3.8pp"
"Kirol, History Buff","WR","U","5420","4.65","1192","5.77","5802","77.9%","58.0%","1012","57.9%","1536","54.9%","2548","56.1%","3259","59.7%","-3.5pp"
"Lluwen, Exchange Student","BG","U","3982","3.34","953","3.96","4928","80.3%","55.2%","788","54.6%","1209","60.0%","1997","57.9%","2850","53.4%","4.4pp"
"Lorehold Charm","WR","U","6582","5.73","1034","7.93","3344","51.3%","56.7%","597","54.3%","842","57.6%","1439","56.2%","1898","57.0%","-0.8pp"
"Lorehold, the Historian","WR","M","395","","280","","1551","86.4%","57.9%","269","","444","","713","58.3%","828","57.2%","1.1pp"
"Mind into Matter","UG","R","1469","2.66","568","2.80","2739","80.9%","54.5%","481","","803","59.0%","1284","57.2%","1354","50.7%","6.5pp"
"Mind Roots","BG","U","5595","4.64","1015","6.05","4265","66.5%","54.0%","746","54.0%","1086","55.5%","1832","54.9%","2401","53.2%","1.7pp"
"Molten Note","WR","U","5672","4.77","1332","5.73","6496","75.8%","58.2%","1139","57.2%","1711","61.4%","2850","59.7%","3606","57.1%","2.6pp"
"Moment of Reckoning","WB","R","1434","2.72","559","2.68","2684","75.3%","59.7%","430","","766","67.0%","1196","64.6%","1435","54.9%","9.7pp"
"Nita, Forum Conciliator","WB","R","2046","3.52","422","","1459","59.5%","54.6%","252","","339","","591","54.1%","853","54.4%","-0.3pp"
"Old-Growth Educator","BG","U","5157","4.17","885","5.66","4366","77.4%","55.3%","747","56.8%","1087","56.1%","1834","56.4%","2492","54.4%","2.0pp"
"Paradox Surveyor","UG","U","5331","4.41","1215","5.53","6016","78.3%","56.7%","1052","59.0%","1767","61.6%","2819","60.6%","3102","52.9%","7.7pp"
"Pest Mascot","BG","C","13682","5.03","2076","6.97","10185","78.5%","54.0%","1712","52.5%","2507","55.4%","4219","54.2%","5817","53.8%","0.4pp"
"Practiced Scrollsmith","WR","U","5238","4.33","1323","5.10","6893","81.2%","60.1%","1149","61.0%","1844","64.0%","2993","62.8%","3895","57.8%","5.0pp"
"Prismari Charm","UR","U","5390","4.58","1156","5.63","5623","77.5%","54.7%","953","55.8%","1617","57.8%","2570","57.1%","2859","52.5%","4.6pp"
"Prismari, the Inspiration","UR","M","511","2.06","225","","1103","83.4%","54.4%","197","","307","","504","56.5%","562","53.6%","3.0pp"
"Proctor's Gaze","UG","U","5465","4.51","1285","5.60","6052","75.0%","55.5%","1036","55.5%","1805","60.5%","2841","58.7%","3114","52.4%","6.3pp"
"Professor Dellian Fel","BG","M","360","","257","","1325","84.3%","58.5%","209","","340","","549","63.9%","756","54.9%","9.0pp"
"Pterafractyl","UG","C","15538","5.76","2392","7.99","9667","67.7%","52.8%","1641","50.8%","2762","56.2%","4403","54.2%","4917","50.7%","3.4pp"
"Pursue the Past","WR","C","17562","7.21","2650","9.59","8526","50.6%","59.4%","1496","61.0%","2105","62.2%","3601","61.7%","4907","57.7%","4.0pp"
"Quandrix Charm","UG","U","5835","4.91","1054","6.57","4591","70.4%","54.9%","844","54.5%","1248","61.1%","2092","58.5%","2424","51.3%","7.2pp"
"Quandrix, the Proof","UG","M","354","","256","","1368","87.4%","55.6%","240","","407","","647","63.1%","687","48.3%","14.7pp"
"Rapturous Moment","UR","U","6229","5.48","1099","7.26","3774","57.9%","51.3%","632","50.5%","1124","55.5%","1756","53.7%","1900","48.7%","5.0pp"
"Render Speechless","WB","C","17644","7.29","2353","9.97","5206","35.8%","58.6%","860","58.1%","1318","61.3%","2178","60.1%","2985","57.5%","2.6pp"
"Resonating Lute","UR","R","1616","3.07","560","3.24","2378","69.3%","51.5%","441","","694","51.3%","1135","52.5%","1167","50.3%","2.2pp"
"Root Manipulation","BG","U","6419","5.64","834","8.20","2443","46.4%","52.7%","417","","604","55.5%","1021","52.9%","1411","52.1%","0.8pp"
"Sanar, Unfinished Genius","UR","U","4682","3.90","1193","4.87","6236","83.5%","56.4%","1058","59.9%","1841","57.6%","2899","58.5%","3195","54.7%","3.8pp"
"Scolding Administrator","WB","U","4442","3.82","1039","4.49","5343","81.0%","58.6%","971","62.9%","1324","61.1%","2295","61.9%","3036","56.2%","5.7pp"
"Silverquill Charm","WB","U","5006","4.24","1015","5.24","5015","79.6%","58.3%","873","58.8%","1236","61.7%","2109","60.5%","2866","56.6%","3.9pp"
"Silverquill, the Disputant","WB","M","392","","231","","1140","81.3%","55.0%","192","","308","","500","57.2%","633","53.2%","4.0pp"
"Snooping Page","WB","U","4751","3.99","993","4.75","4984","80.2%","56.4%","929","55.9%","1241","56.9%","2170","56.5%","2796","56.2%","0.2pp"
"Social Snub","WB","U","7118","6.43","840","9.42","1068","21.0%","54.5%","190","","260","","450","","613","54.5%",""
"Spectacular Skywhale","UR","U","5017","4.21","1101","5.35","5358","79.6%","53.6%","910","48.7%","1516","58.1%","2426","54.6%","2786","52.7%","1.9pp"
"Spirit Mascot","WR","C","15996","6.33","2725","8.19","12030","69.4%","58.1%","2086","59.0%","3039","56.3%","5125","57.4%","6907","58.7%","-1.3pp"
"Splatter Technique","UR","R","1346","2.62","585","2.67","3139","84.7%","55.2%","539","57.3%","942","59.4%","1481","58.7%","1487","50.2%","8.4pp"
"Stadium Tidalmage","UR","C","17133","6.83","2514","9.44","7682","49.6%","53.9%","1271","53.1%","2299","55.8%","3570","54.8%","3934","53.0%","1.8pp"
"Startled Relic Sloth","WR","U","5201","4.30","1175","5.11","6372","81.3%","59.8%","1041","59.8%","1696","59.5%","2737","59.6%","3635","60.1%","-0.5pp"
"Stirring Honormancer","WB","U","5553","4.64","1171","5.67","5135","70.0%","58.6%","862","57.2%","1340","62.1%","2202","60.2%","2905","57.2%","3.0pp"
"Stress Dream","UR","U","4523","3.78","1448","4.35","8232","88.4%","57.8%","1436","59.2%","2381","63.5%","3817","61.9%","4092","53.8%","8.0pp"
"Suspend Aggression","WR","R","2269","4.03","589","4.59","2385","64.7%","55.3%","398","","604","56.8%","1002","56.5%","1373","54.5%","2.0pp"
"Tam, Observant Sequencer","UG","U","4600","3.83","965","4.81","4481","78.2%","52.5%","725","50.2%","1302","56.9%","2027","54.5%","2356","50.5%","4.0pp"
"Teacher's Pest","BG","U","4566","3.77","976","4.70","5104","84.8%","54.8%","911","54.9%","1196","55.1%","2107","55.0%","2936","54.5%","0.5pp"
"Traumatic Critique","UR","R","1208","2.29","594","2.34","3287","88.1%","57.4%","581","62.0%","942","65.2%","1523","64.0%","1598","50.9%","13.0pp"
"Vibrant Outburst","UR","U","4600","3.72","1252","4.44","6802","85.6%","56.5%","1164","56.8%","1961","61.7%","3125","59.8%","3418","52.8%","7.0pp"
"Vicious Rivalry","BG","R","1377","2.70","512","2.84","2620","81.7%","55.5%","467","","712","61.2%","1179","58.3%","1413","52.9%","5.3pp"
"Visionary's Dance","UR","C","15657","5.85","2759","7.91","11875","70.3%","54.1%","2064","51.1%","3530","57.5%","5594","55.1%","5890","52.3%","2.8pp"
"Wilt in the Heat","WR","C","15628","6.06","2999","7.79","12943","67.6%","58.6%","2141","58.4%","3477","59.7%","5618","59.2%","7277","58.1%","1.2pp"
"Witherbloom Charm","BG","U","5196","4.36","919","5.61","4327","76.3%","55.6%","734","54.6%","1109","56.7%","1843","55.9%","2473","55.5%","0.4pp"
"Witherbloom, the Balancer","BG","M","430","","259","","1163","79.3%","51.6%","193","","333","","526","50.6%","627","52.2%","-1.6pp"
"Zaffai and the Tempests","UR","R","2316","4.02","403","","1296","53.5%","52.1%","220","","405","","625","53.8%","648","50.3%","3.5pp"
"Biblioplex Tomekeeper","","C","19176","8.17","2012","11.85","475","3.9%","","66","","139","","205","","271","",""
"Diary of Dreams","","U","6839","5.59","1068","7.68","3455","51.8%","53.0%","672","48.7%","957","53.8%","1629","51.7%","1777","54.1%","-2.4pp"
"Mage Tower Referee","","C","18226","7.25","2351","10.38","4269","29.2%","53.2%","782","54.1%","1051","53.1%","1833","53.5%","2415","52.9%","0.6pp"
"Page, Loose Leaf","","C","18667","7.68","2350","10.95","2820","19.5%","53.9%","511","55.0%","743","54.5%","1254","54.7%","1548","53.3%","1.4pp"
"Potioner's Trove","","C","17062","6.11","2733","8.45","9371","55.7%","54.2%","1712","56.6%","2636","56.9%","4348","56.8%","4917","51.8%","5.0pp"
"Strixhaven Skycoach","","U","6260","4.88","1459","6.20","6272","70.6%","57.8%","1105","59.2%","1655","61.0%","2760","60.3%","3475","55.8%","4.4pp"
"Deathcap Glade","","R","2254","3.66","426","","2092","76.7%","54.9%","376","","538","56.5%","914","56.5%","1142","53.8%","2.7pp"
"Dreamroot Cascade","","R","2337","3.72","486","","2169","74.1%","56.8%","423","","574","61.3%","997","59.2%","1131","54.3%","4.9pp"
"Fields of Strife","","C","19715","6.30","3642","8.60","16280","71.0%","57.4%","3038","58.2%","4249","57.2%","7287","57.6%","8890","57.2%","0.4pp"
"Forum of Amity","","C","19400","5.96","3176","8.48","13338","67.3%","56.4%","2502","57.8%","3266","56.9%","5768","57.3%","7494","55.8%","1.5pp"
"Great Hall of the Biblioplex","","R","2239","3.78","449","","2167","80.8%","54.1%","374","","613","59.1%","987","56.4%","1138","51.9%","4.5pp"
"Paradox Gardens","","C","18640","5.66","3405","7.72","16019","75.9%","54.5%","3069","55.6%","4231","56.3%","7300","56.0%","8457","53.2%","2.9pp"
"Petrified Hamlet","","R","3715","6.22","402","","50","2.1%","","6","","17","","23","","29","",""
"Shattered Sanctum","","R","2409","3.93","450","","1898","68.4%","57.4%","362","","468","","830","60.1%","1054","55.0%","5.1pp"
"Skycoach Waypoint","","U","7674","6.82","793","10.28","1172","24.3%","51.6%","177","","294","","471","","689","51.2%",""
"Spectacle Summit","","C","18857","5.78","3608","7.84","17849","79.5%","55.7%","3429","56.3%","4987","56.1%","8416","56.2%","9149","55.0%","1.2pp"
"Stormcarved Coast","","R","2301","3.72","496","","2531","81.1%","56.8%","493","","700","61.9%","1193","61.0%","1282","52.9%","8.1pp"
"Sundown Pass","","R","2530","3.99","544","5.35","2381","72.7%","58.5%","445","","608","59.9%","1053","58.6%","1310","58.6%","-0.0pp"
"Terramorphic Expanse","","C","14815","4.81","3231","6.60","18405","92.0%","55.7%","3456","57.4%","4797","56.4%","8253","56.8%","9987","54.8%","2.0pp"
"Titan's Grave","","C","18737","5.63","3135","7.94","15404","79.3%","55.2%","2938","57.1%","3782","54.9%","6720","55.9%","8495","54.5%","1.4pp"
"Akroma's Will","W","M","129","","71","","357","","","66","","102","","168","","184","",""
"Angel's Grace","W","R","707","5.37","70","","30","","","3","","9","","12","","17","",""
"Armageddon","W","M","232","","39","","180","","","32","","40","","72","","104","",""
"Duty Beyond Death","W","U","6491","6.12","705","9.08","1141","26.7%","53.6%","192","","274","","466","","672","53.4%",""
"Helping Hand","W","U","5992","5.30","800","7.36","2651","54.7%","55.1%","457","","645","54.0%","1102","54.5%","1543","55.4%","-0.9pp"
"Hop to It","W","U","6045","5.25","1075","6.77","4433","65.8%","57.3%","791","57.8%","1057","59.4%","1848","58.7%","2570","56.2%","2.5pp"
"Prismatic Ending","W","R","603","4.52","119","","424","54.2%","","67","","125","","192","","228","",""
"Repel Calamity","W","U","4651","3.88","1010","4.76","5401","82.6%","58.4%","923","58.6%","1368","62.3%","2291","60.8%","3083","56.5%","4.3pp"
"Reprieve","W","R","501","3.90","124","","572","68.9%","54.9%","111","","131","","242","","330","",""
"Requisition Raid","W","U","6382","5.75","709","8.63","1277","30.4%","50.3%","212","","306","","518","51.9%","755","49.1%","2.8pp"
"Return to the Ranks","W","R","666","5.00","75","","112","","","22","","35","","57","","54","",""
"Winds of Abandon","W","M","147","","74","","410","","","59","","121","","180","","224","",""
"Brain Freeze","U","R","621","4.97","96","","177","31.4%","","30","","50","","80","","91","",""
"Cyclonic Rift","U","M","111","","59","","354","","","66","","109","","175","","174","",""
"Daze","U","R","543","4.50","86","","279","54.0%","","47","","96","","143","","129","",""
"Deduce","U","U","6147","5.22","1119","7.02","4580","68.6%","55.3%","808","55.9%","1367","57.4%","2175","56.8%","2326","53.7%","3.2pp"
"Disdainful Stroke","U","U","6170","5.30","982","7.26","4000","65.6%","54.6%","702","53.7%","1133","60.2%","1835","57.7%","2078","51.3%","6.4pp"
"Flusterstorm","U","M","268","","27","","41","","","6","","12","","18","","21","",""
"Force of Will","U","M","154","","43","","137","","","23","","35","","58","","76","",""
"Pongify","U","R","689","5.11","52","","110","","","20","","36","","56","","52","",""
"Preordain","U","R","504","3.52","115","","537","77.8%","58.8%","103","","149","","252","","274","",""
"Sleight of Hand","U","U","6255","5.29","977","7.26","3522","60.8%","52.5%","620","53.5%","1039","56.5%","1659","55.4%","1805","50.0%","5.4pp"
"Spell Pierce","U","U","6945","6.35","783","9.42","1309","29.4%","51.6%","238","","410","","648","54.5%","641","48.7%","5.8pp"
"Stock Up","U","U","3347","2.93","1244","3.28","6870","90.4%","55.4%","1156","56.3%","1986","59.9%","3142","58.6%","3583","52.4%","6.2pp"
"Ad Nauseam","B","M","340","","33","","25","","","2","","7","","9","","16","",""
"Bitter Triumph","B","U","3377","2.90","1036","3.44","5917","90.8%","56.2%","1101","55.1%","1522","59.5%","2623","57.6%","3245","54.9%","2.8pp"
"Culling the Weak","B","R","645","5.39","65","","26","","","3","","6","","9","","17","",""
"Dismember","B","R","218","","130","","872","96.6%","58.3%","169","","221","","390","","472","",""
"Feed the Swarm","B","U","4158","3.55","873","4.40","4774","86.1%","56.0%","817","56.8%","1219","57.3%","2036","57.1%","2707","54.9%","2.2pp"
"Living End","B","M","301","","29","","6","","","0","","2","","2","","4","",""
"Locust Spray","B","U","6708","5.93","772","8.75","1891","41.4%","53.1%","323","","487","","810","52.0%","1075","54.3%","-2.4pp"
"Sheoldred's Edict","B","R","415","","73","","317","","","54","","83","","137","","178","",""
"Smallpox","B","R","691","5.30","62","","28","","","3","","7","","10","","18","",""
"Stargaze","B","U","7264","6.58","871","9.65","1426","27.2%","56.5%","240","","332","","572","55.6%","848","57.1%","-1.5pp"
"Vampiric Tutor","B","M","182","","39","","104","","","16","","18","","34","","70","",""
"Zombify","B","U","6370","5.68","656","8.71","914","23.5%","51.2%","141","","259","","400","","512","53.7%",""
"Abrade","R","U","3859","3.29","1223","3.93","7049","91.7%","56.8%","1221","56.8%","1965","60.3%","3186","58.9%","3736","54.8%","4.2pp"
"Big Score","R","R","512","4.20","97","","445","72.2%","","70","","128","","198","","239","",""
"Brotherhood's End","R","R","455","","100","","484","66.6%","","89","","141","","230","","247","",""
"Bulk Up","R","U","7034","6.69","748","10.13","816","18.3%","52.0%","143","","201","","344","","464","",""
"Burst Lightning","R","U","3930","3.19","1335","3.61","7706","91.7%","57.3%","1341","58.1%","2166","61.1%","3507","60.0%","4057","54.7%","5.2pp"
"Crackle with Power","R","M","161","","76","","443","","","74","","144","","218","","213","",""
"Empty the Warrens","R","R","607","5.10","92","","198","35.4%","","24","","58","","82","","105","",""
"Jeska's Will","R","M","316","","44","","30","","","3","","5","","8","","22","",""
"Monstrous Rage","R","U","5926","5.22","1049","6.99","3641","57.4%","55.9%","573","54.1%","961","57.5%","1534","56.3%","2081","55.6%","0.6pp"
"Pyretic Ritual","R","R","685","5.82","72","","37","","","7","","10","","17","","18","",""
"Return the Favor","R","U","6871","6.50","768","9.67","1045","21.8%","52.2%","183","","318","","501","53.1%","530","50.9%","2.2pp"
"Subterranean Tremors","R","M","115","","54","","299","","","49","","87","","136","","157","",""
"Awaken the Woods","G","M","158","","44","","216","","","36","","67","","103","","105","",""
"Berserk","G","M","261","","39","","90","","","17","","21","","38","","51","",""
"Crop Rotation","G","R","805","6.28","87","","26","5.1%","","7","","6","","13","","13","",""
"Giant Growth","G","U","7136","6.29","794","9.54","1620","35.4%","50.6%","260","","419","","679","53.5%","938","48.4%","5.1pp"
"Glimpse of Nature","G","R","718","5.62","64","","40","","","13","","10","","23","","17","",""
"Knockout Maneuver","G","U","4625","3.75","1002","4.70","5301","83.7%","55.3%","898","54.6%","1379","60.1%","2277","57.9%","2971","53.2%","4.7pp"
"Pick Your Poison","G","U","7217","6.77","663","10.79","360","8.9%","","67","","89","","156","","200","",""
"Royal Treatment","G","U","6092","5.13","1009","7.01","4193","68.9%","53.9%","689","55.2%","1043","56.7%","1732","56.1%","2432","52.3%","3.7pp"
"Shamanic Revelation","G","R","494","","77","","255","49.3%","","58","","56","","114","","144","",""
"Shared Roots","G","U","5239","4.45","986","5.60","4287","71.8%","53.6%","794","52.9%","1119","55.9%","1913","54.7%","2354","52.8%","1.9pp"
"Triumph of the Hordes","G","M","221","","40","","80","","","11","","20","","31","","49","",""
"Veil of Summer","G","R","721","5.77","78","","31","5.9%","","5","","7","","12","","19","",""
"Bring to Light","UG","R","647","4.91","84","","148","27.8%","","17","","38","","55","","90","",""
"Culling Ritual","BG","R","565","4.48","60","","96","","","13","","34","","47","","47","",""
"Deflecting Palm","WR","R","680","5.02","83","","106","19.7%","","20","","23","","43","","64","",""
"Expressive Iteration","UR","R","460","","126","","662","86.8%","54.4%","124","","201","","325","","317","",""
"Fracture","WB","R","654","5.42","62","","73","","","16","","21","","37","","36","",""
"Archaeomancer","U","C","297","","54","","227","","","38","","60","","98","","120","",""
"Archmage Emeritus","U","R","147","","54","","267","","","36","","84","","120","","143","",""
"Murmuring Mystic","U","U","182","","67","","408","","","71","","134","","205","","190","",""
"Grim Haruspex","B","R","139","","52","","254","","","45","","50","","95","","154","",""
"Dualcaster Mage","R","R","159","","48","","254","","","50","","62","","112","","139","",""
"Magus of the Library","G","R","224","","38","","140","","","21","","45","","66","","72","",""
"Sylvan Library","G","M","156","","34","","146","","","27","","33","","60","","84","",""
"Adrix and Nev, Twincasters","UG","M","193","","44","","115","","","19","","30","","49","","65","",""
"Codie, Vociferous Codex","","R","313","","46","","56","","","9","","24","","33","","19","",""
"Library of Alexandria","","M","144","","61","","354","","","72","","99","","171","","178","",""